Service,Idle,,,
,,,,
Service,Insert,sound/data/pcm/c27/h/00_00.unity3d,h_so_27_00_005,いいよ……きて……ゆっくりね……
,,,,
Service,InsertAnal,,,
Service,InsertIdle,,,
Service,InsertIdleAnal,,,
Service,ClimaxSelf,,,
Service,ClimaxPartner,,,
Service,ClimaxBoth,,,
Service,BeforeClimaxSelf,,,
Service,BeforeClimaxPartner,,,
Service,BeforeClimaxBoth,,,
Service,AfterClimaxSelf,,,
Service,AfterClimaxPartner,,,
Service,AfterClimaxBoth,,,
,,,,
Service,LoopSlow,sound/data/pcm/c27/h/00_00.unity3d,h_so_27_00_039,
Service,LoopSlow,sound/data/pcm/c27/h/00_00.unity3d,h_so_27_00_040,
Service,LoopSlow,sound/data/pcm/c27/h/00_00.unity3d,h_so_27_00_041,
Service,LoopSlow,sound/data/pcm/c27/h/00_00.unity3d,h_so_27_00_047,
Service,LoopSlow,sound/data/pcm/c27/h/00_00.unity3d,h_so_27_00_051,
Service,LoopSlow,sound/data/pcm/c27/h/00_00.unity3d,h_so_27_00_052,
Service,LoopSlow,sound/data/pcm/c27/h/00_00.unity3d,h_so_27_00_055,
Service,LoopSlow,sound/data/pcm/c27/h/00_00.unity3d,h_so_27_00_072,
Service,LoopFast,sound/data/pcm/c27/h/00_00.unity3d,h_so_27_00_042,
Service,LoopFast,sound/data/pcm/c27/h/00_00.unity3d,h_so_27_00_043,
Service,LoopFast,sound/data/pcm/c27/h/00_00.unity3d,h_so_27_00_044,
Service,LoopFast,sound/data/pcm/c27/h/00_00.unity3d,h_so_27_00_045,
Service,LoopFast,sound/data/pcm/c27/h/00_00.unity3d,h_so_27_00_050,
Service,LoopFast,sound/data/pcm/c27/h/00_00.unity3d,h_so_27_00_049,
Service,LoopFast,sound/data/pcm/c27/h/00_00.unity3d,h_so_27_00_053,
Service,LoopFast,sound/data/pcm/c27/h/00_00.unity3d,h_so_27_00_054,
Service,LoopFast,sound/data/pcm/c27/h/00_00.unity3d,h_so_27_00_059,
Service,LoopFast,sound/data/pcm/c27/h/00_00.unity3d,h_so_27_00_073,
Service,LoopFast,sound/data/pcm/c27/h/00_00.unity3d,h_so_27_00_074,
Service,LoopFast,sound/data/pcm/c27/h/00_00.unity3d,h_so_27_00_097,
Service,LateLoopPartnerSlow,,,
Service,LateLoopPartnerFast,,,
Service,LateLoopSelfSlow,,,
,,,,
Service,LateLoopSelfFast,sound/data/pcm/c27/h/00_00.unity3d,h_so_27_00_062,
Service,LateLoopSelfFast,sound/data/pcm/c27/h/00_00.unity3d,h_so_27_00_064,
,,,,
Service,LateLoopBothSlow,,,
Service,LateLoopBothFast,,,
Service,KissLoopSlow,,,
Service,KissLoopFast,,,
Service,Exclamation,,,
,,,,
Service,Pull,sound/data/pcm/c27/h/00_00.unity3d,h_so_27_00_034,
Service,Pull,sound/data/pcm/c27/h/00_00.unity3d,h_so_27_00_035,
Service,Pull,sound/data/pcm/c27/h/00_00.unity3d,h_so_27_00_038,
,,,,
Intercourse,Idle,,,
,,,,
Intercourse,Insert,sound/data/pcm/c27/h/20_00.unity3d,h_fe_27_00_184,
Intercourse,Insert,sound/data/pcm/c27/h/20_00.unity3d,h_fe_27_01_003,
Intercourse,Insert,sound/data/pcm/c27/h/20_00.unity3d,h_fe_27_02_003,
Intercourse,Insert,sound/data/pcm/c27/h/20_00.unity3d,h_fe_27_02_004,
Intercourse,Insert,sound/data/pcm/c27/h/20_00.unity3d,h_fe_27_02_210,
Intercourse,Insert,sound/data/pcm/c27/h/00_00.unity3d,h_so_27_00_000,
Intercourse,Insert,sound/data/pcm/c27/h/00_00.unity3d,h_so_27_00_001,
Intercourse,Insert,sound/data/pcm/c27/h/00_00.unity3d,h_so_27_00_002,
Intercourse,Insert,sound/data/pcm/c27/h/00_00.unity3d,h_so_27_00_003,
Intercourse,Insert,sound/data/pcm/c27/h/00_00.unity3d,h_so_27_00_004,
Intercourse,Insert,sound/data/pcm/c27/h/00_00.unity3d,h_so_27_00_019,
,,,,
Intercourse,InsertAnal,sound/data/pcm/c27/h/00_00.unity3d,h_so_27_00_011,
,,,,
Intercourse,InsertIdle,sound/data/pcm/c27/h/00_00.unity3d,h_so_27_00_027,
Intercourse,InsertIdle,sound/data/pcm/c27/h/00_00.unity3d,h_so_27_00_028,
,,,,
Intercourse,InsertIdleAnal,,,
Intercourse,ClimaxSelf,sound/data/pcm/c27/h/00_00.unity3d,h_so_27_00_127,
Intercourse,ClimaxSelf,sound/data/pcm/c27/h/00_00.unity3d,h_so_27_00_128,
Intercourse,ClimaxSelf,sound/data/pcm/c27/h/00_00.unity3d,h_so_27_00_129,
Intercourse,ClimaxSelf,sound/data/pcm/c27/h/00_00.unity3d,h_so_27_00_130,
,,,,
Intercourse,ClimaxPartner,,,
Intercourse,ClimaxBoth,sound/data/pcm/c27/h/00_00.unity3d,h_so_27_00_127,
Intercourse,ClimaxBoth,sound/data/pcm/c27/h/00_00.unity3d,h_so_27_00_128,
Intercourse,ClimaxBoth,sound/data/pcm/c27/h/00_00.unity3d,h_so_27_00_129,
Intercourse,ClimaxBoth,sound/data/pcm/c27/h/00_00.unity3d,h_so_27_00_130,
,,,,
Intercourse,BeforeClimaxSelf,sound/data/pcm/c27/h/20_00.unity3d,h_fe_27_02_104,
Intercourse,BeforeClimaxSelf,sound/data/pcm/c27/h/00_00.unity3d,h_so_27_00_103,
Intercourse,BeforeClimaxSelf,sound/data/pcm/c27/h/00_00.unity3d,h_so_27_00_104,
Intercourse,BeforeClimaxSelf,sound/data/pcm/c27/h/00_00.unity3d,h_so_27_00_107,
Intercourse,BeforeClimaxSelf,sound/data/pcm/c27/h/00_00.unity3d,h_so_27_00_118,
Intercourse,BeforeClimaxPartner,,,
Intercourse,BeforeClimaxBoth,sound/data/pcm/c27/h/20_00.unity3d,h_fe_27_02_105,
Intercourse,BeforeClimaxBoth,sound/data/pcm/c27/h/00_00.unity3d,h_so_27_00_103,
Intercourse,BeforeClimaxBoth,sound/data/pcm/c27/h/00_00.unity3d,h_so_27_00_104,
Intercourse,BeforeClimaxBoth,sound/data/pcm/c27/h/00_00.unity3d,h_so_27_00_105,
Intercourse,BeforeClimaxBoth,sound/data/pcm/c27/h/00_00.unity3d,h_so_27_00_106,
Intercourse,BeforeClimaxBoth,sound/data/pcm/c27/h/00_00.unity3d,h_so_27_00_107,
Intercourse,BeforeClimaxBoth,sound/data/pcm/c27/h/00_00.unity3d,h_so_27_00_108,
Intercourse,BeforeClimaxBoth,sound/data/pcm/c27/h/00_00.unity3d,h_so_27_00_117,
Intercourse,BeforeClimaxBoth,sound/data/pcm/c27/h/00_00.unity3d,h_so_27_00_118,
,,,,
,,,,
Intercourse,AfterClimaxSelf,sound/data/pcm/c27/h/20_00.unity3d,h_fe_27_00_137,
Intercourse,AfterClimaxSelf,sound/data/pcm/c27/h/20_00.unity3d,h_fe_27_00_138,
Intercourse,AfterClimaxSelf,sound/data/pcm/c27/h/20_00.unity3d,h_fe_27_01_167,
Intercourse,AfterClimaxSelf,sound/data/pcm/c27/h/20_00.unity3d,h_fe_27_01_168,
Intercourse,AfterClimaxSelf,sound/data/pcm/c27/h/20_00.unity3d,h_fe_27_02_137,
Intercourse,AfterClimaxSelf,sound/data/pcm/c27/h/20_00.unity3d,h_fe_27_02_149,
Intercourse,AfterClimaxSelf,sound/data/pcm/c27/h/00_00.unity3d,h_so_27_00_131,
Intercourse,AfterClimaxSelf,sound/data/pcm/c27/h/00_00.unity3d,h_so_27_00_132,
Intercourse,AfterClimaxSelf,sound/data/pcm/c27/h/00_00.unity3d,h_so_27_00_133,
Intercourse,AfterClimaxSelf,sound/data/pcm/c27/h/00_00.unity3d,h_so_27_00_137,
Intercourse,AfterClimaxSelf,sound/data/pcm/c27/h/00_00.unity3d,h_so_27_00_138,
,,,,
Intercourse,AfterClimaxPartner,sound/data/pcm/c27/h/00_00.unity3d,h_so_27_00_156,
Intercourse,AfterClimaxPartner,sound/data/pcm/c27/h/00_00.unity3d,h_so_27_00_157,
,,,,
Intercourse,AfterClimaxBoth,sound/data/pcm/c27/h/00_00.unity3d,h_so_27_00_096,
Intercourse,AfterClimaxBoth,sound/data/pcm/c27/h/00_00.unity3d,h_so_27_00_124,
Intercourse,AfterClimaxBoth,sound/data/pcm/c27/h/00_00.unity3d,h_so_27_00_131,
Intercourse,AfterClimaxBoth,sound/data/pcm/c27/h/00_00.unity3d,h_so_27_00_132,
Intercourse,AfterClimaxBoth,sound/data/pcm/c27/h/00_00.unity3d,h_so_27_00_133,
Intercourse,AfterClimaxBoth,sound/data/pcm/c27/h/00_00.unity3d,h_so_27_00_134,
Intercourse,AfterClimaxBoth,sound/data/pcm/c27/h/00_00.unity3d,h_so_27_00_142,
,,,,
Intercourse,LoopSlow,sound/data/pcm/c27/h/20_00.unity3d,h_fe_27_00_039,
Intercourse,LoopSlow,sound/data/pcm/c27/h/20_00.unity3d,h_fe_27_00_041,
Intercourse,LoopSlow,sound/data/pcm/c27/h/20_00.unity3d,h_fe_27_01_039,
,,,,
,,,,
,,,,
Intercourse,LoopSlow,sound/data/pcm/c27/h/20_00.unity3d,h_fe_27_00_059,
Intercourse,LoopSlow,sound/data/pcm/c27/h/20_00.unity3d,h_fe_27_01_059,
Intercourse,LoopSlow,sound/data/pcm/c27/h/20_00.unity3d,h_fe_27_02_059,
Intercourse,LoopSlow,sound/data/pcm/c27/h/20_00.unity3d,h_fe_27_02_061,
,,,,
,,,,
Intercourse,LoopFast,sound/data/pcm/c27/h/20_00.unity3d,h_fe_27_00_042,
Intercourse,LoopFast,sound/data/pcm/c27/h/20_00.unity3d,h_fe_27_02_042,
Intercourse,LoopFast,sound/data/pcm/c27/h/20_00.unity3d,h_fe_27_02_043,
Intercourse,LoopFast,sound/data/pcm/c27/h/20_00.unity3d,h_fe_27_00_062,
Intercourse,LoopFast,sound/data/pcm/c27/h/20_00.unity3d,h_fe_27_00_064,
Intercourse,LoopFast,sound/data/pcm/c27/h/20_00.unity3d,h_fe_27_00_220,
Intercourse,LoopFast,sound/data/pcm/c27/h/20_00.unity3d,h_fe_27_01_062,
Intercourse,LoopFast,sound/data/pcm/c27/h/20_00.unity3d,h_fe_27_02_062,
,,,,
,,,,
Intercourse,LateLoopPartnerSlow,sound/data/pcm/c27/h/20_00.unity3d,h_fe_27_02_091,
Intercourse,LateLoopPartnerSlow,sound/data/pcm/c27/h/20_00.unity3d,h_fe_27_02_212,
Intercourse,LateLoopPartnerSlow,sound/data/pcm/c27/h/00_00.unity3d,h_so_27_00_091,
Intercourse,LateLoopPartnerSlow,sound/data/pcm/c27/h/00_00.unity3d,h_so_27_00_092,
,,,,
Intercourse,LateLoopPartnerFast,sound/data/pcm/c27/h/20_00.unity3d,h_fe_27_02_094,
Intercourse,LateLoopPartnerFast,sound/data/pcm/c27/h/20_00.unity3d,h_fe_27_02_220,
Intercourse,LateLoopPartnerFast,sound/data/pcm/c27/h/00_00.unity3d,h_so_27_00_093,
Intercourse,LateLoopPartnerFast,sound/data/pcm/c27/h/00_00.unity3d,h_so_27_00_094,
,,,,
Intercourse,LateLoopSelfSlow,,,
,,,,
Intercourse,LateLoopSelfFast,sound/data/pcm/c27/h/20_00.unity3d,h_fe_27_02_093,
Intercourse,LateLoopSelfFast,sound/data/pcm/c27/h/00_00.unity3d,h_so_27_00_069,
Intercourse,LateLoopSelfFast,sound/data/pcm/c27/h/00_00.unity3d,h_so_27_00_087,
Intercourse,LateLoopSelfFast,sound/data/pcm/c27/h/00_00.unity3d,h_so_27_00_088,
Intercourse,LateLoopSelfFast,sound/data/pcm/c27/h/00_00.unity3d,h_so_27_00_089,
Intercourse,LateLoopSelfFast,sound/data/pcm/c27/h/00_00.unity3d,h_so_27_00_102,
,,,,
Intercourse,LateLoopBothSlow,,,
,,,,
Intercourse,LateLoopBothFast,sound/data/pcm/c27/h/20_00.unity3d,h_fe_27_02_089,
Intercourse,LateLoopBothFast,sound/data/pcm/c27/h/00_00.unity3d,h_so_27_00_063,
,,,,
Intercourse,KissLoopSlow,sound/data/pcm/c27/h/00_00.unity3d,h_so_27_00_079,
Intercourse,KissLoopSlow,sound/data/pcm/c27/h/00_00.unity3d,h_so_27_00_080,
Intercourse,KissLoopSlow,sound/data/pcm/c27/h/00_00.unity3d,h_so_27_00_085,
Intercourse,KissLoopSlow,sound/data/pcm/c27/h/00_00.unity3d,h_so_27_00_086,
,,,,
Intercourse,KissLoopFast,sound/data/pcm/c27/h/20_00.unity3d,h_fe_27_02_082,
Intercourse,KissLoopFast,sound/data/pcm/c27/h/20_00.unity3d,h_fe_27_02_085,
Intercourse,KissLoopFast,sound/data/pcm/c27/h/00_00.unity3d,h_so_27_00_081,
Intercourse,KissLoopFast,sound/data/pcm/c27/h/00_00.unity3d,h_so_27_00_082,
Intercourse,KissLoopFast,sound/data/pcm/c27/h/00_00.unity3d,h_so_27_00_085,
Intercourse,KissLoopFast,sound/data/pcm/c27/h/00_00.unity3d,h_so_27_00_086,
,,,,
Intercourse,Exclamation,,,
,,,,
Intercourse,Pull,sound/data/pcm/c27/h/00_00.unity3d,h_so_27_00_033,
Intercourse,Pull,sound/data/pcm/c27/h/00_00.unity3d,h_so_27_00_036,
